{
    "version": "1.4.0",
    "project": {
        "name": "assignment1",
        "directory": "/Users/tanjimhossain/Bytes/APJ/assignment1",
        "workspaceDir": "/Users/tanjimhossain/Bytes/APJ/assignment1",
        "sources": [
            
        ],
        "dependencies": [
            
        ],
        "classpath": [
            "/Users/tanjimhossain/Bytes/APJ/assignment1/target/classes",
            "/Users/tanjimhossain/.m2/repository/org/glassfish/web/jakarta.servlet.jsp.jstl/2.0.0/jakarta.servlet.jsp.jstl-2.0.0.jar",
            "/Users/tanjimhossain/.m2/repository/jakarta/servlet/jsp/jstl/jakarta.servlet.jsp.jstl-api/2.0.0/jakarta.servlet.jsp.jstl-api-2.0.0.jar",
            "/Users/tanjimhossain/.m2/repository/jakarta/servlet/jakarta.servlet-api/5.0.0/jakarta.servlet-api-5.0.0.jar",
            "/Users/tanjimhossain/.m2/repository/jakarta/el/jakarta.el-api/4.0.0/jakarta.el-api-4.0.0.jar",
            "/Users/tanjimhossain/.m2/repository/jakarta/xml/bind/jakarta.xml.bind-api/3.0.0/jakarta.xml.bind-api-3.0.0.jar",
            "/Users/tanjimhossain/.m2/repository/com/sun/activation/jakarta.activation/2.0.0/jakarta.activation-2.0.0.jar"
        ],
        "out": "/Users/tanjimhossain/Bytes/APJ/assignment1/target",
        "classesDir": "/Users/tanjimhossain/Bytes/APJ/assignment1/target/classes",
        "resources": [
            "/Users/tanjimhossain/Bytes/APJ/assignment1/src/main/resources"
        ],
        "java": {
            "options": [
                "-g",
                "-encoding",
                "UTF-8"
            ]
        },
        "test": {
            "frameworks": [
                {
                    "names": [
                        "com.novocode.junit.JUnitFramework"
                    ]
                },
                {
                    "names": [
                        "org.scalatest.tools.Framework",
                        "org.scalatest.tools.ScalaTestFramework"
                    ]
                },
                {
                    "names": [
                        "org.scalacheck.ScalaCheckFramework"
                    ]
                },
                {
                    "names": [
                        "org.specs.runner.SpecsFramework",
                        "org.specs2.runner.Specs2Framework",
                        "org.specs2.runner.SpecsFramework"
                    ]
                },
                {
                    "names": [
                        "utest.runner.Framework"
                    ]
                },
                {
                    "names": [
                        "munit.Framework"
                    ]
                }
            ],
            "options": {
                "excludes": [
                    
                ],
                "arguments": [
                    {
                        "args": [
                            "-v",
                            "-a"
                        ],
                        "framework": {
                            "names": [
                                "com.novocode.junit.JUnitFramework"
                            ]
                        }
                    }
                ]
            }
        },
        "platform": {
            "name": "jvm",
            "config": {
                "home": "/Users/tanjimhossain/.asdf/installs/java/oracle-17",
                "options": [
                    
                ]
            },
            "mainClass": [
                
            ]
        },
        "resolution": {
            "modules": [
                {
                    "organization": "org.glassfish.web",
                    "name": "jakarta.servlet.jsp.jstl",
                    "version": "2.0.0",
                    "artifacts": [
                        {
                            "name": "jakarta.servlet.jsp.jstl",
                            "path": "/Users/tanjimhossain/.m2/repository/org/glassfish/web/jakarta.servlet.jsp.jstl/2.0.0/jakarta.servlet.jsp.jstl-2.0.0.jar"
                        },
                        {
                            "name": "jakarta.servlet.jsp.jstl",
                            "classifier": "sources",
                            "path": "/Users/tanjimhossain/.m2/repository/org/glassfish/web/jakarta.servlet.jsp.jstl/2.0.0/jakarta.servlet.jsp.jstl-2.0.0-sources.jar"
                        }
                    ]
                },
                {
                    "organization": "jakarta.el",
                    "name": "jakarta.el-api",
                    "version": "4.0.0",
                    "artifacts": [
                        {
                            "name": "jakarta.el-api",
                            "path": "/Users/tanjimhossain/.m2/repository/jakarta/el/jakarta.el-api/4.0.0/jakarta.el-api-4.0.0.jar"
                        },
                        {
                            "name": "jakarta.el-api",
                            "classifier": "sources",
                            "path": "/Users/tanjimhossain/.m2/repository/jakarta/el/jakarta.el-api/4.0.0/jakarta.el-api-4.0.0-sources.jar"
                        }
                    ]
                },
                {
                    "organization": "junit",
                    "name": "junit",
                    "version": "3.8.1",
                    "artifacts": [
                        {
                            "name": "junit",
                            "path": "/Users/tanjimhossain/.m2/repository/junit/junit/3.8.1/junit-3.8.1.jar"
                        },
                        {
                            "name": "junit",
                            "classifier": "sources",
                            "path": "/Users/tanjimhossain/.m2/repository/junit/junit/3.8.1/junit-3.8.1-sources.jar"
                        }
                    ]
                },
                {
                    "organization": "jakarta.xml.bind",
                    "name": "jakarta.xml.bind-api",
                    "version": "3.0.0",
                    "artifacts": [
                        {
                            "name": "jakarta.xml.bind-api",
                            "path": "/Users/tanjimhossain/.m2/repository/jakarta/xml/bind/jakarta.xml.bind-api/3.0.0/jakarta.xml.bind-api-3.0.0.jar"
                        },
                        {
                            "name": "jakarta.xml.bind-api",
                            "classifier": "sources",
                            "path": "/Users/tanjimhossain/.m2/repository/jakarta/xml/bind/jakarta.xml.bind-api/3.0.0/jakarta.xml.bind-api-3.0.0-sources.jar"
                        }
                    ]
                },
                {
                    "organization": "jakarta.servlet",
                    "name": "jakarta.servlet-api",
                    "version": "5.0.0",
                    "artifacts": [
                        {
                            "name": "jakarta.servlet-api",
                            "path": "/Users/tanjimhossain/.m2/repository/jakarta/servlet/jakarta.servlet-api/5.0.0/jakarta.servlet-api-5.0.0.jar"
                        },
                        {
                            "name": "jakarta.servlet-api",
                            "classifier": "sources",
                            "path": "/Users/tanjimhossain/.m2/repository/jakarta/servlet/jakarta.servlet-api/5.0.0/jakarta.servlet-api-5.0.0-sources.jar"
                        }
                    ]
                },
                {
                    "organization": "jakarta.servlet.jsp.jstl",
                    "name": "jakarta.servlet.jsp.jstl-api",
                    "version": "2.0.0",
                    "artifacts": [
                        {
                            "name": "jakarta.servlet.jsp.jstl-api",
                            "path": "/Users/tanjimhossain/.m2/repository/jakarta/servlet/jsp/jstl/jakarta.servlet.jsp.jstl-api/2.0.0/jakarta.servlet.jsp.jstl-api-2.0.0.jar"
                        },
                        {
                            "name": "jakarta.servlet.jsp.jstl-api",
                            "classifier": "sources",
                            "path": "/Users/tanjimhossain/.m2/repository/jakarta/servlet/jsp/jstl/jakarta.servlet.jsp.jstl-api/2.0.0/jakarta.servlet.jsp.jstl-api-2.0.0-sources.jar"
                        }
                    ]
                },
                {
                    "organization": "com.sun.activation",
                    "name": "jakarta.activation",
                    "version": "2.0.0",
                    "artifacts": [
                        {
                            "name": "jakarta.activation",
                            "path": "/Users/tanjimhossain/.m2/repository/com/sun/activation/jakarta.activation/2.0.0/jakarta.activation-2.0.0.jar"
                        },
                        {
                            "name": "jakarta.activation",
                            "classifier": "sources",
                            "path": "/Users/tanjimhossain/.m2/repository/com/sun/activation/jakarta.activation/2.0.0/jakarta.activation-2.0.0-sources.jar"
                        }
                    ]
                }
            ]
        },
        "tags": [
            "library"
        ]
    }
}